"","scenario","year","variable","value","units","run_number"
"1","Unnamed Hector core",1959,"CO2_concentration",318.862491283631,"ppmv CO2",1
"2","Unnamed Hector core",1960,"CO2_concentration",319.747520865151,"ppmv CO2",1
"3","Unnamed Hector core",1961,"CO2_concentration",320.656387840451,"ppmv CO2",1
"4","Unnamed Hector core",1962,"CO2_concentration",321.570608877056,"ppmv CO2",1
"5","Unnamed Hector core",1963,"CO2_concentration",322.486651226978,"ppmv CO2",1
"6","Unnamed Hector core",1964,"CO2_concentration",323.365116305403,"ppmv CO2",1
"7","Unnamed Hector core",1965,"CO2_concentration",324.258233667557,"ppmv CO2",1
"8","Unnamed Hector core",1966,"CO2_concentration",325.236625089726,"ppmv CO2",1
"9","Unnamed Hector core",1967,"CO2_concentration",326.320226589097,"ppmv CO2",1
"10","Unnamed Hector core",1968,"CO2_concentration",327.455197206788,"ppmv CO2",1
"11","Unnamed Hector core",1969,"CO2_concentration",328.637576645365,"ppmv CO2",1
"12","Unnamed Hector core",1970,"CO2_concentration",329.899620919432,"ppmv CO2",1
"13","Unnamed Hector core",1971,"CO2_concentration",331.239754163365,"ppmv CO2",1
"14","Unnamed Hector core",1972,"CO2_concentration",332.556473290051,"ppmv CO2",1
"15","Unnamed Hector core",1973,"CO2_concentration",333.893216845487,"ppmv CO2",1
"16","Unnamed Hector core",1974,"CO2_concentration",335.326635931169,"ppmv CO2",1
"17","Unnamed Hector core",1975,"CO2_concentration",336.69734790319,"ppmv CO2",1
"18","Unnamed Hector core",1976,"CO2_concentration",338.00359139969,"ppmv CO2",1
"19","Unnamed Hector core",1977,"CO2_concentration",339.420847455312,"ppmv CO2",1
"20","Unnamed Hector core",1978,"CO2_concentration",340.910312568526,"ppmv CO2",1
"21","Unnamed Hector core",1979,"CO2_concentration",342.447116741073,"ppmv CO2",1
"22","Unnamed Hector core",1980,"CO2_concentration",343.994776661741,"ppmv CO2",1
"23","Unnamed Hector core",1981,"CO2_concentration",345.463168281024,"ppmv CO2",1
"24","Unnamed Hector core",1982,"CO2_concentration",346.85499904843,"ppmv CO2",1
"25","Unnamed Hector core",1983,"CO2_concentration",348.169626460278,"ppmv CO2",1
"26","Unnamed Hector core",1984,"CO2_concentration",349.4802982754,"ppmv CO2",1
"27","Unnamed Hector core",1985,"CO2_concentration",350.864027577742,"ppmv CO2",1
"28","Unnamed Hector core",1986,"CO2_concentration",352.305166628327,"ppmv CO2",1
"29","Unnamed Hector core",1987,"CO2_concentration",353.798852409502,"ppmv CO2",1
"30","Unnamed Hector core",1988,"CO2_concentration",355.339100522574,"ppmv CO2",1
"31","Unnamed Hector core",1989,"CO2_concentration",356.945433909363,"ppmv CO2",1
"32","Unnamed Hector core",1990,"CO2_concentration",358.571979166774,"ppmv CO2",1
"33","Unnamed Hector core",1991,"CO2_concentration",360.122291315294,"ppmv CO2",1
"34","Unnamed Hector core",1992,"CO2_concentration",361.670241647371,"ppmv CO2",1
"35","Unnamed Hector core",1993,"CO2_concentration",363.028231334548,"ppmv CO2",1
"36","Unnamed Hector core",1994,"CO2_concentration",364.350901653375,"ppmv CO2",1
"37","Unnamed Hector core",1995,"CO2_concentration",365.791860591139,"ppmv CO2",1
"38","Unnamed Hector core",1996,"CO2_concentration",367.356638343452,"ppmv CO2",1
"39","Unnamed Hector core",1997,"CO2_concentration",369.027855433337,"ppmv CO2",1
"40","Unnamed Hector core",1998,"CO2_concentration",371.063912196134,"ppmv CO2",1
"41","Unnamed Hector core",1999,"CO2_concentration",372.83100577646,"ppmv CO2",1
"42","Unnamed Hector core",2000,"CO2_concentration",374.551138506873,"ppmv CO2",1
"43","Unnamed Hector core",2001,"CO2_concentration",376.349670414547,"ppmv CO2",1
"44","Unnamed Hector core",2002,"CO2_concentration",378.072644178006,"ppmv CO2",1
"45","Unnamed Hector core",2003,"CO2_concentration",379.902698729542,"ppmv CO2",1
"46","Unnamed Hector core",2004,"CO2_concentration",381.793309699388,"ppmv CO2",1
"47","Unnamed Hector core",2005,"CO2_concentration",383.908905496427,"ppmv CO2",1
"48","Unnamed Hector core",2006,"CO2_concentration",386.122859683266,"ppmv CO2",1
"49","Unnamed Hector core",2007,"CO2_concentration",388.460154526842,"ppmv CO2",1
"50","Unnamed Hector core",2008,"CO2_concentration",390.867321859165,"ppmv CO2",1
"51","Unnamed Hector core",2009,"CO2_concentration",393.145875037795,"ppmv CO2",1
"52","Unnamed Hector core",2010,"CO2_concentration",395.378353437212,"ppmv CO2",1
"53","Unnamed Hector core",2011,"CO2_concentration",397.8364622471,"ppmv CO2",1
"54","Unnamed Hector core",2012,"CO2_concentration",400.413677590386,"ppmv CO2",1
"55","Unnamed Hector core",2013,"CO2_concentration",403.052622204546,"ppmv CO2",1
"56","Unnamed Hector core",2014,"CO2_concentration",405.776527899204,"ppmv CO2",1
"57","Unnamed Hector core",2015,"CO2_concentration",408.579694689921,"ppmv CO2",1
"58","Unnamed Hector core",2016,"CO2_concentration",411.298061963488,"ppmv CO2",1
"59","Unnamed Hector core",2017,"CO2_concentration",414.045314157424,"ppmv CO2",1
"60","Unnamed Hector core",2018,"CO2_concentration",416.814698430644,"ppmv CO2",1
"61","Unnamed Hector core",2019,"CO2_concentration",419.608111735351,"ppmv CO2",1
"62","Unnamed Hector core",2020,"CO2_concentration",422.424061547636,"ppmv CO2",1
"63","Unnamed Hector core",2021,"CO2_concentration",425.261375172648,"ppmv CO2",1
"64","Unnamed Hector core",1959,"CO2_concentration",322.489975976653,"ppmv CO2",2
"65","Unnamed Hector core",1960,"CO2_concentration",323.42772964414,"ppmv CO2",2
"66","Unnamed Hector core",1961,"CO2_concentration",324.391723601662,"ppmv CO2",2
"67","Unnamed Hector core",1962,"CO2_concentration",325.363555817665,"ppmv CO2",2
"68","Unnamed Hector core",1963,"CO2_concentration",326.340621210908,"ppmv CO2",2
"69","Unnamed Hector core",1964,"CO2_concentration",327.289339760427,"ppmv CO2",2
"70","Unnamed Hector core",1965,"CO2_concentration",328.252714062822,"ppmv CO2",2
"71","Unnamed Hector core",1966,"CO2_concentration",329.299577886331,"ppmv CO2",2
"72","Unnamed Hector core",1967,"CO2_concentration",330.449794207596,"ppmv CO2",2
"73","Unnamed Hector core",1968,"CO2_concentration",331.65635981223,"ppmv CO2",2
"74","Unnamed Hector core",1969,"CO2_concentration",332.912512661106,"ppmv CO2",2
"75","Unnamed Hector core",1970,"CO2_concentration",334.250717036269,"ppmv CO2",2
"76","Unnamed Hector core",1971,"CO2_concentration",335.670488549132,"ppmv CO2",2
"77","Unnamed Hector core",1972,"CO2_concentration",337.071580278457,"ppmv CO2",2
"78","Unnamed Hector core",1973,"CO2_concentration",338.495002453555,"ppmv CO2",2
"79","Unnamed Hector core",1974,"CO2_concentration",340.017148549417,"ppmv CO2",2
"80","Unnamed Hector core",1975,"CO2_concentration",341.48103365876,"ppmv CO2",2
"81","Unnamed Hector core",1976,"CO2_concentration",342.886781604804,"ppmv CO2",2
"82","Unnamed Hector core",1977,"CO2_concentration",344.403388355824,"ppmv CO2",2
"83","Unnamed Hector core",1978,"CO2_concentration",345.994511133519,"ppmv CO2",2
"84","Unnamed Hector core",1979,"CO2_concentration",347.6362865081,"ppmv CO2",2
"85","Unnamed Hector core",1980,"CO2_concentration",349.292628751368,"ppmv CO2",2
"86","Unnamed Hector core",1981,"CO2_concentration",350.873581990085,"ppmv CO2",2
"87","Unnamed Hector core",1982,"CO2_concentration",352.381044869782,"ppmv CO2",2
"88","Unnamed Hector core",1983,"CO2_concentration",353.815886948131,"ppmv CO2",2
"89","Unnamed Hector core",1984,"CO2_concentration",355.253488780354,"ppmv CO2",2
"90","Unnamed Hector core",1985,"CO2_concentration",356.760734847228,"ppmv CO2",2
"91","Unnamed Hector core",1986,"CO2_concentration",358.325238684406,"ppmv CO2",2
"92","Unnamed Hector core",1987,"CO2_concentration",359.944401118272,"ppmv CO2",2
"93","Unnamed Hector core",1988,"CO2_concentration",361.611789721314,"ppmv CO2",2
"94","Unnamed Hector core",1989,"CO2_concentration",363.347130786349,"ppmv CO2",2
"95","Unnamed Hector core",1990,"CO2_concentration",365.104359949628,"ppmv CO2",2
"96","Unnamed Hector core",1991,"CO2_concentration",366.787944484544,"ppmv CO2",2
"97","Unnamed Hector core",1992,"CO2_concentration",368.476591483574,"ppmv CO2",2
"98","Unnamed Hector core",1993,"CO2_concentration",369.989604506248,"ppmv CO2",2
"99","Unnamed Hector core",1994,"CO2_concentration",371.455747428681,"ppmv CO2",2
"100","Unnamed Hector core",1995,"CO2_concentration",373.041200229216,"ppmv CO2",2
"101","Unnamed Hector core",1996,"CO2_concentration",374.771240644083,"ppmv CO2",2
"102","Unnamed Hector core",1997,"CO2_concentration",376.605656527585,"ppmv CO2",2
"103","Unnamed Hector core",1998,"CO2_concentration",378.805623296104,"ppmv CO2",2
"104","Unnamed Hector core",1999,"CO2_concentration",380.739791458585,"ppmv CO2",2
"105","Unnamed Hector core",2000,"CO2_concentration",382.628497680902,"ppmv CO2",2
"106","Unnamed Hector core",2001,"CO2_concentration",384.597385101413,"ppmv CO2",2
"107","Unnamed Hector core",2002,"CO2_concentration",386.492743888218,"ppmv CO2",2
"108","Unnamed Hector core",2003,"CO2_concentration",388.496181840142,"ppmv CO2",2
"109","Unnamed Hector core",2004,"CO2_concentration",390.561646878926,"ppmv CO2",2
"110","Unnamed Hector core",2005,"CO2_concentration",392.853650211517,"ppmv CO2",2
"111","Unnamed Hector core",2006,"CO2_concentration",395.24746259697,"ppmv CO2",2
"112","Unnamed Hector core",2007,"CO2_concentration",397.768290734314,"ppmv CO2",2
"113","Unnamed Hector core",2008,"CO2_concentration",400.362904178608,"ppmv CO2",2
"114","Unnamed Hector core",2009,"CO2_concentration",402.833143509194,"ppmv CO2",2
"115","Unnamed Hector core",2010,"CO2_concentration",405.260879091589,"ppmv CO2",2
"116","Unnamed Hector core",2011,"CO2_concentration",407.916672282404,"ppmv CO2",2
"117","Unnamed Hector core",2012,"CO2_concentration",410.69525808959,"ppmv CO2",2
"118","Unnamed Hector core",2013,"CO2_concentration",413.5392635427,"ppmv CO2",2
"119","Unnamed Hector core",2014,"CO2_concentration",416.472065277796,"ppmv CO2",2
"120","Unnamed Hector core",2015,"CO2_concentration",419.488935885952,"ppmv CO2",2
"121","Unnamed Hector core",2016,"CO2_concentration",422.440206049845,"ppmv CO2",2
"122","Unnamed Hector core",2017,"CO2_concentration",425.422144572365,"ppmv CO2",2
"123","Unnamed Hector core",2018,"CO2_concentration",428.432465861554,"ppmv CO2",2
"124","Unnamed Hector core",2019,"CO2_concentration",431.471254029119,"ppmv CO2",2
"125","Unnamed Hector core",2020,"CO2_concentration",434.536386991423,"ppmv CO2",2
"126","Unnamed Hector core",2021,"CO2_concentration",437.626407912804,"ppmv CO2",2
"127","Unnamed Hector core",1959,"CO2_concentration",317.791508782229,"ppmv CO2",3
"128","Unnamed Hector core",1960,"CO2_concentration",318.660316162718,"ppmv CO2",3
"129","Unnamed Hector core",1961,"CO2_concentration",319.552262835116,"ppmv CO2",3
"130","Unnamed Hector core",1962,"CO2_concentration",320.450170516738,"ppmv CO2",3
"131","Unnamed Hector core",1963,"CO2_concentration",321.353050605442,"ppmv CO2",3
"132","Unnamed Hector core",1964,"CO2_concentration",322.239860707019,"ppmv CO2",3
"133","Unnamed Hector core",1965,"CO2_concentration",323.13858009393,"ppmv CO2",3
"134","Unnamed Hector core",1966,"CO2_concentration",324.112208609725,"ppmv CO2",3
"135","Unnamed Hector core",1967,"CO2_concentration",325.176820116155,"ppmv CO2",3
"136","Unnamed Hector core",1968,"CO2_concentration",326.295719027986,"ppmv CO2",3
"137","Unnamed Hector core",1969,"CO2_concentration",327.458169501663,"ppmv CO2",3
"138","Unnamed Hector core",1970,"CO2_concentration",328.696274921779,"ppmv CO2",3
"139","Unnamed Hector core",1971,"CO2_concentration",330.010931853004,"ppmv CO2",3
"140","Unnamed Hector core",1972,"CO2_concentration",331.30326822968,"ppmv CO2",3
"141","Unnamed Hector core",1973,"CO2_concentration",332.612027177256,"ppmv CO2",3
"142","Unnamed Hector core",1974,"CO2_concentration",334.012355895999,"ppmv CO2",3
"143","Unnamed Hector core",1975,"CO2_concentration",335.349333482902,"ppmv CO2",3
"144","Unnamed Hector core",1976,"CO2_concentration",336.629516276306,"ppmv CO2",3
"145","Unnamed Hector core",1977,"CO2_concentration",338.013158113627,"ppmv CO2",3
"146","Unnamed Hector core",1978,"CO2_concentration",339.464335321263,"ppmv CO2",3
"147","Unnamed Hector core",1979,"CO2_concentration",340.96014290054,"ppmv CO2",3
"148","Unnamed Hector core",1980,"CO2_concentration",342.465369194889,"ppmv CO2",3
"149","Unnamed Hector core",1981,"CO2_concentration",343.891012232779,"ppmv CO2",3
"150","Unnamed Hector core",1982,"CO2_concentration",345.239637366883,"ppmv CO2",3
"151","Unnamed Hector core",1983,"CO2_concentration",346.517774637842,"ppmv CO2",3
"152","Unnamed Hector core",1984,"CO2_concentration",347.806984329403,"ppmv CO2",3
"153","Unnamed Hector core",1985,"CO2_concentration",349.15599682111,"ppmv CO2",3
"154","Unnamed Hector core",1986,"CO2_concentration",350.554114446945,"ppmv CO2",3
"155","Unnamed Hector core",1987,"CO2_concentration",352.002361428972,"ppmv CO2",3
"156","Unnamed Hector core",1988,"CO2_concentration",353.493939286971,"ppmv CO2",3
"157","Unnamed Hector core",1989,"CO2_concentration",355.048290836525,"ppmv CO2",3
"158","Unnamed Hector core",1990,"CO2_concentration",356.618227504203,"ppmv CO2",3
"159","Unnamed Hector core",1991,"CO2_concentration",358.107218585348,"ppmv CO2",3
"160","Unnamed Hector core",1992,"CO2_concentration",359.608003246027,"ppmv CO2",3
"161","Unnamed Hector core",1993,"CO2_concentration",360.953966692237,"ppmv CO2",3
"162","Unnamed Hector core",1994,"CO2_concentration",362.23890912772,"ppmv CO2",3
"163","Unnamed Hector core",1995,"CO2_concentration",363.61794972393,"ppmv CO2",3
"164","Unnamed Hector core",1996,"CO2_concentration",365.110118357308,"ppmv CO2",3
"165","Unnamed Hector core",1997,"CO2_concentration",366.702653634363,"ppmv CO2",3
"166","Unnamed Hector core",1998,"CO2_concentration",368.657290182046,"ppmv CO2",3
"167","Unnamed Hector core",1999,"CO2_concentration",370.338382386636,"ppmv CO2",3
"168","Unnamed Hector core",2000,"CO2_concentration",371.967849839383,"ppmv CO2",3
"169","Unnamed Hector core",2001,"CO2_concentration",373.673145925507,"ppmv CO2",3
"170","Unnamed Hector core",2002,"CO2_concentration",375.300420465129,"ppmv CO2",3
"171","Unnamed Hector core",2003,"CO2_concentration",377.035161990677,"ppmv CO2",3
"172","Unnamed Hector core",2004,"CO2_concentration",378.830354653378,"ppmv CO2",3
"173","Unnamed Hector core",2005,"CO2_concentration",380.849116068031,"ppmv CO2",3
"174","Unnamed Hector core",2006,"CO2_concentration",382.965988891014,"ppmv CO2",3
"175","Unnamed Hector core",2007,"CO2_concentration",385.20590787974,"ppmv CO2",3
"176","Unnamed Hector core",2008,"CO2_concentration",387.513733785277,"ppmv CO2",3
"177","Unnamed Hector core",2009,"CO2_concentration",389.690793206006,"ppmv CO2",3
"178","Unnamed Hector core",2010,"CO2_concentration",391.821176855323,"ppmv CO2",3
"179","Unnamed Hector core",2011,"CO2_concentration",394.175526964589,"ppmv CO2",3
"180","Unnamed Hector core",2012,"CO2_concentration",396.646588691331,"ppmv CO2",3
"181","Unnamed Hector core",2013,"CO2_concentration",399.176066318153,"ppmv CO2",3
"182","Unnamed Hector core",2014,"CO2_concentration",401.78665518749,"ppmv CO2",3
"183","Unnamed Hector core",2015,"CO2_concentration",404.47520645505,"ppmv CO2",3
"184","Unnamed Hector core",2016,"CO2_concentration",407.075795883265,"ppmv CO2",3
"185","Unnamed Hector core",2017,"CO2_concentration",409.702782788771,"ppmv CO2",3
"186","Unnamed Hector core",2018,"CO2_concentration",412.349628393943,"ppmv CO2",3
"187","Unnamed Hector core",2019,"CO2_concentration",415.017171101081,"ppmv CO2",3
"188","Unnamed Hector core",2020,"CO2_concentration",417.704534945838,"ppmv CO2",3
"189","Unnamed Hector core",2021,"CO2_concentration",420.411062703634,"ppmv CO2",3
"190","Unnamed Hector core",1959,"CO2_concentration",317.905739361352,"ppmv CO2",4
"191","Unnamed Hector core",1960,"CO2_concentration",318.785116118085,"ppmv CO2",4
"192","Unnamed Hector core",1961,"CO2_concentration",319.687581427511,"ppmv CO2",4
"193","Unnamed Hector core",1962,"CO2_concentration",320.587437547755,"ppmv CO2",4
"194","Unnamed Hector core",1963,"CO2_concentration",321.47558646823,"ppmv CO2",4
"195","Unnamed Hector core",1964,"CO2_concentration",322.257531596463,"ppmv CO2",4
"196","Unnamed Hector core",1965,"CO2_concentration",323.056592615484,"ppmv CO2",4
"197","Unnamed Hector core",1966,"CO2_concentration",323.964745958575,"ppmv CO2",4
"198","Unnamed Hector core",1967,"CO2_concentration",325.014813565531,"ppmv CO2",4
"199","Unnamed Hector core",1968,"CO2_concentration",326.105156508451,"ppmv CO2",4
"200","Unnamed Hector core",1969,"CO2_concentration",327.252661136813,"ppmv CO2",4
"201","Unnamed Hector core",1970,"CO2_concentration",328.490240514417,"ppmv CO2",4
"202","Unnamed Hector core",1971,"CO2_concentration",329.807474735974,"ppmv CO2",4
"203","Unnamed Hector core",1972,"CO2_concentration",331.095876460753,"ppmv CO2",4
"204","Unnamed Hector core",1973,"CO2_concentration",332.411736258461,"ppmv CO2",4
"205","Unnamed Hector core",1974,"CO2_concentration",333.836729420314,"ppmv CO2",4
"206","Unnamed Hector core",1975,"CO2_concentration",335.199955489192,"ppmv CO2",4
"207","Unnamed Hector core",1976,"CO2_concentration",336.477139974191,"ppmv CO2",4
"208","Unnamed Hector core",1977,"CO2_concentration",337.885532221875,"ppmv CO2",4
"209","Unnamed Hector core",1978,"CO2_concentration",339.377250530453,"ppmv CO2",4
"210","Unnamed Hector core",1979,"CO2_concentration",340.922906716111,"ppmv CO2",4
"211","Unnamed Hector core",1980,"CO2_concentration",342.48249520106,"ppmv CO2",4
"212","Unnamed Hector core",1981,"CO2_concentration",343.963333171414,"ppmv CO2",4
"213","Unnamed Hector core",1982,"CO2_concentration",345.370635638942,"ppmv CO2",4
"214","Unnamed Hector core",1983,"CO2_concentration",346.681271903874,"ppmv CO2",4
"215","Unnamed Hector core",1984,"CO2_concentration",347.945720973371,"ppmv CO2",4
"216","Unnamed Hector core",1985,"CO2_concentration",349.32047384761,"ppmv CO2",4
"217","Unnamed Hector core",1986,"CO2_concentration",350.774162677364,"ppmv CO2",4
"218","Unnamed Hector core",1987,"CO2_concentration",352.286853867834,"ppmv CO2",4
"219","Unnamed Hector core",1988,"CO2_concentration",353.854868430684,"ppmv CO2",4
"220","Unnamed Hector core",1989,"CO2_concentration",355.498855500845,"ppmv CO2",4
"221","Unnamed Hector core",1990,"CO2_concentration",357.16932771868,"ppmv CO2",4
"222","Unnamed Hector core",1991,"CO2_concentration",358.763375643506,"ppmv CO2",4
"223","Unnamed Hector core",1992,"CO2_concentration",360.297962619016,"ppmv CO2",4
"224","Unnamed Hector core",1993,"CO2_concentration",361.529158348494,"ppmv CO2",4
"225","Unnamed Hector core",1994,"CO2_concentration",362.790464016838,"ppmv CO2",4
"226","Unnamed Hector core",1995,"CO2_concentration",364.230049933188,"ppmv CO2",4
"227","Unnamed Hector core",1996,"CO2_concentration",365.825511601814,"ppmv CO2",4
"228","Unnamed Hector core",1997,"CO2_concentration",367.547852119606,"ppmv CO2",4
"229","Unnamed Hector core",1998,"CO2_concentration",369.639576643214,"ppmv CO2",4
"230","Unnamed Hector core",1999,"CO2_concentration",371.469977018334,"ppmv CO2",4
"231","Unnamed Hector core",2000,"CO2_concentration",373.270443646737,"ppmv CO2",4
"232","Unnamed Hector core",2001,"CO2_concentration",375.159689277167,"ppmv CO2",4
"233","Unnamed Hector core",2002,"CO2_concentration",376.979809167383,"ppmv CO2",4
"234","Unnamed Hector core",2003,"CO2_concentration",378.908365509741,"ppmv CO2",4
"235","Unnamed Hector core",2004,"CO2_concentration",380.89814897098,"ppmv CO2",4
"236","Unnamed Hector core",2005,"CO2_concentration",383.118423909139,"ppmv CO2",4
"237","Unnamed Hector core",2006,"CO2_concentration",385.43687185584,"ppmv CO2",4
"238","Unnamed Hector core",2007,"CO2_concentration",387.877582030935,"ppmv CO2",4
"239","Unnamed Hector core",2008,"CO2_concentration",390.393409059552,"ppmv CO2",4
"240","Unnamed Hector core",2009,"CO2_concentration",392.788180330597,"ppmv CO2",4
"241","Unnamed Hector core",2010,"CO2_concentration",395.14211912854,"ppmv CO2",4
"242","Unnamed Hector core",2011,"CO2_concentration",397.728259352204,"ppmv CO2",4
"243","Unnamed Hector core",2012,"CO2_concentration",400.440686446871,"ppmv CO2",4
"244","Unnamed Hector core",2013,"CO2_concentration",403.223099265974,"ppmv CO2",4
"245","Unnamed Hector core",2014,"CO2_concentration",406.101902720657,"ppmv CO2",4
"246","Unnamed Hector core",2015,"CO2_concentration",409.0623554905,"ppmv CO2",4
"247","Unnamed Hector core",2016,"CO2_concentration",411.966048625463,"ppmv CO2",4
"248","Unnamed Hector core",2017,"CO2_concentration",414.903101513504,"ppmv CO2",4
"249","Unnamed Hector core",2018,"CO2_concentration",417.875121894259,"ppmv CO2",4
"250","Unnamed Hector core",2019,"CO2_concentration",420.884773220223,"ppmv CO2",4
"251","Unnamed Hector core",2020,"CO2_concentration",423.9275618869,"ppmv CO2",4
"252","Unnamed Hector core",2021,"CO2_concentration",427.000204261786,"ppmv CO2",4
"253","Unnamed Hector core",1959,"CO2_concentration",311.592260586358,"ppmv CO2",5
"254","Unnamed Hector core",1960,"CO2_concentration",312.364077156458,"ppmv CO2",5
"255","Unnamed Hector core",1961,"CO2_concentration",313.154041700543,"ppmv CO2",5
"256","Unnamed Hector core",1962,"CO2_concentration",313.949077137862,"ppmv CO2",5
"257","Unnamed Hector core",1963,"CO2_concentration",314.749859946771,"ppmv CO2",5
"258","Unnamed Hector core",1964,"CO2_concentration",315.556180870945,"ppmv CO2",5
"259","Unnamed Hector core",1965,"CO2_concentration",316.371794569316,"ppmv CO2",5
"260","Unnamed Hector core",1966,"CO2_concentration",317.250186396763,"ppmv CO2",5
"261","Unnamed Hector core",1967,"CO2_concentration",318.199767188635,"ppmv CO2",5
"262","Unnamed Hector core",1968,"CO2_concentration",319.198876189031,"ppmv CO2",5
"263","Unnamed Hector core",1969,"CO2_concentration",320.230300977165,"ppmv CO2",5
"264","Unnamed Hector core",1970,"CO2_concentration",321.325930785881,"ppmv CO2",5
"265","Unnamed Hector core",1971,"CO2_concentration",322.489870684166,"ppmv CO2",5
"266","Unnamed Hector core",1972,"CO2_concentration",323.625081691421,"ppmv CO2",5
"267","Unnamed Hector core",1973,"CO2_concentration",324.767883507268,"ppmv CO2",5
"268","Unnamed Hector core",1974,"CO2_concentration",325.991105600042,"ppmv CO2",5
"269","Unnamed Hector core",1975,"CO2_concentration",327.141613759082,"ppmv CO2",5
"270","Unnamed Hector core",1976,"CO2_concentration",328.236125833338,"ppmv CO2",5
"271","Unnamed Hector core",1977,"CO2_concentration",329.423081329052,"ppmv CO2",5
"272","Unnamed Hector core",1978,"CO2_concentration",330.66682625658,"ppmv CO2",5
"273","Unnamed Hector core",1979,"CO2_concentration",331.945080108811,"ppmv CO2",5
"274","Unnamed Hector core",1980,"CO2_concentration",333.224107370386,"ppmv CO2",5
"275","Unnamed Hector core",1981,"CO2_concentration",334.416411233255,"ppmv CO2",5
"276","Unnamed Hector core",1982,"CO2_concentration",335.525150084798,"ppmv CO2",5
"277","Unnamed Hector core",1983,"CO2_concentration",336.567263932156,"ppmv CO2",5
"278","Unnamed Hector core",1984,"CO2_concentration",337.633842840232,"ppmv CO2",5
"279","Unnamed Hector core",1985,"CO2_concentration",338.745668308741,"ppmv CO2",5
"280","Unnamed Hector core",1986,"CO2_concentration",339.894733216023,"ppmv CO2",5
"281","Unnamed Hector core",1987,"CO2_concentration",341.086404666378,"ppmv CO2",5
"282","Unnamed Hector core",1988,"CO2_concentration",342.313612861993,"ppmv CO2",5
"283","Unnamed Hector core",1989,"CO2_concentration",343.595099004824,"ppmv CO2",5
"284","Unnamed Hector core",1990,"CO2_concentration",344.883174842616,"ppmv CO2",5
"285","Unnamed Hector core",1991,"CO2_concentration",346.083616666354,"ppmv CO2",5
"286","Unnamed Hector core",1992,"CO2_concentration",347.313940545632,"ppmv CO2",5
"287","Unnamed Hector core",1993,"CO2_concentration",348.427740498212,"ppmv CO2",5
"288","Unnamed Hector core",1994,"CO2_concentration",349.463514446325,"ppmv CO2",5
"289","Unnamed Hector core",1995,"CO2_concentration",350.568379726041,"ppmv CO2",5
"290","Unnamed Hector core",1996,"CO2_concentration",351.766630513597,"ppmv CO2",5
"291","Unnamed Hector core",1997,"CO2_concentration",353.022329296904,"ppmv CO2",5
"292","Unnamed Hector core",1998,"CO2_concentration",354.609631859375,"ppmv CO2",5
"293","Unnamed Hector core",1999,"CO2_concentration",355.875263641596,"ppmv CO2",5
"294","Unnamed Hector core",2000,"CO2_concentration",357.088594481903,"ppmv CO2",5
"295","Unnamed Hector core",2001,"CO2_concentration",358.375746097873,"ppmv CO2",5
"296","Unnamed Hector core",2002,"CO2_concentration",359.583136271208,"ppmv CO2",5
"297","Unnamed Hector core",2003,"CO2_concentration",360.899606772082,"ppmv CO2",5
"298","Unnamed Hector core",2004,"CO2_concentration",362.276235149012,"ppmv CO2",5
"299","Unnamed Hector core",2005,"CO2_concentration",363.873266482269,"ppmv CO2",5
"300","Unnamed Hector core",2006,"CO2_concentration",365.562931980929,"ppmv CO2",5
"301","Unnamed Hector core",2007,"CO2_concentration",367.370024844416,"ppmv CO2",5
"302","Unnamed Hector core",2008,"CO2_concentration",369.234444877684,"ppmv CO2",5
"303","Unnamed Hector core",2009,"CO2_concentration",370.955662511321,"ppmv CO2",5
"304","Unnamed Hector core",2010,"CO2_concentration",372.622272821018,"ppmv CO2",5
"305","Unnamed Hector core",2011,"CO2_concentration",374.506036043583,"ppmv CO2",5
"306","Unnamed Hector core",2012,"CO2_concentration",376.495301422282,"ppmv CO2",5
"307","Unnamed Hector core",2013,"CO2_concentration",378.530940738897,"ppmv CO2",5
"308","Unnamed Hector core",2014,"CO2_concentration",380.633485003517,"ppmv CO2",5
"309","Unnamed Hector core",2015,"CO2_concentration",382.803072266768,"ppmv CO2",5
"310","Unnamed Hector core",2016,"CO2_concentration",384.88103924924,"ppmv CO2",5
"311","Unnamed Hector core",2017,"CO2_concentration",386.970516068065,"ppmv CO2",5
"312","Unnamed Hector core",2018,"CO2_concentration",389.068583526795,"ppmv CO2",5
"313","Unnamed Hector core",2019,"CO2_concentration",391.161421538008,"ppmv CO2",5
"314","Unnamed Hector core",2020,"CO2_concentration",393.263327500959,"ppmv CO2",5
"315","Unnamed Hector core",2021,"CO2_concentration",395.3713851656,"ppmv CO2",5
"316","Unnamed Hector core",1959,"CO2_concentration",314.161407033926,"ppmv CO2",6
"317","Unnamed Hector core",1960,"CO2_concentration",314.968780180729,"ppmv CO2",6
"318","Unnamed Hector core",1961,"CO2_concentration",315.796402884351,"ppmv CO2",6
"319","Unnamed Hector core",1962,"CO2_concentration",316.62554458675,"ppmv CO2",6
"320","Unnamed Hector core",1963,"CO2_concentration",317.455928249011,"ppmv CO2",6
"321","Unnamed Hector core",1964,"CO2_concentration",318.263795012861,"ppmv CO2",6
"322","Unnamed Hector core",1965,"CO2_concentration",319.081928067497,"ppmv CO2",6
"323","Unnamed Hector core",1966,"CO2_concentration",319.974725473776,"ppmv CO2",6
"324","Unnamed Hector core",1967,"CO2_concentration",320.958071716252,"ppmv CO2",6
"325","Unnamed Hector core",1968,"CO2_concentration",321.991961721459,"ppmv CO2",6
"326","Unnamed Hector core",1969,"CO2_concentration",323.066223928983,"ppmv CO2",6
"327","Unnamed Hector core",1970,"CO2_concentration",324.21306670741,"ppmv CO2",6
"328","Unnamed Hector core",1971,"CO2_concentration",325.431991194616,"ppmv CO2",6
"329","Unnamed Hector core",1972,"CO2_concentration",326.623869618618,"ppmv CO2",6
"330","Unnamed Hector core",1973,"CO2_concentration",327.828419028038,"ppmv CO2",6
"331","Unnamed Hector core",1974,"CO2_concentration",329.121422731521,"ppmv CO2",6
"332","Unnamed Hector core",1975,"CO2_concentration",330.347308121422,"ppmv CO2",6
"333","Unnamed Hector core",1976,"CO2_concentration",331.512874396343,"ppmv CO2",6
"334","Unnamed Hector core",1977,"CO2_concentration",332.780141951507,"ppmv CO2",6
"335","Unnamed Hector core",1978,"CO2_concentration",334.112032577966,"ppmv CO2",6
"336","Unnamed Hector core",1979,"CO2_concentration",335.485225893961,"ppmv CO2",6
"337","Unnamed Hector core",1980,"CO2_concentration",336.864141768438,"ppmv CO2",6
"338","Unnamed Hector core",1981,"CO2_concentration",338.160082359069,"ppmv CO2",6
"339","Unnamed Hector core",1982,"CO2_concentration",339.377270691747,"ppmv CO2",6
"340","Unnamed Hector core",1983,"CO2_concentration",340.521354112741,"ppmv CO2",6
"341","Unnamed Hector core",1984,"CO2_concentration",341.674299831795,"ppmv CO2",6
"342","Unnamed Hector core",1985,"CO2_concentration",342.887994835235,"ppmv CO2",6
"343","Unnamed Hector core",1986,"CO2_concentration",344.150230864126,"ppmv CO2",6
"344","Unnamed Hector core",1987,"CO2_concentration",345.460831104892,"ppmv CO2",6
"345","Unnamed Hector core",1988,"CO2_concentration",346.812297289538,"ppmv CO2",6
"346","Unnamed Hector core",1989,"CO2_concentration",348.224201432472,"ppmv CO2",6
"347","Unnamed Hector core",1990,"CO2_concentration",349.649273978969,"ppmv CO2",6
"348","Unnamed Hector core",1991,"CO2_concentration",350.990810961873,"ppmv CO2",6
"349","Unnamed Hector core",1992,"CO2_concentration",352.338887594171,"ppmv CO2",6
"350","Unnamed Hector core",1993,"CO2_concentration",353.526636184623,"ppmv CO2",6
"351","Unnamed Hector core",1994,"CO2_concentration",354.65991966184,"ppmv CO2",6
"352","Unnamed Hector core",1995,"CO2_concentration",355.888911034215,"ppmv CO2",6
"353","Unnamed Hector core",1996,"CO2_concentration",357.229214955871,"ppmv CO2",6
"354","Unnamed Hector core",1997,"CO2_concentration",358.639290990822,"ppmv CO2",6
"355","Unnamed Hector core",1998,"CO2_concentration",360.382453151805,"ppmv CO2",6
"356","Unnamed Hector core",1999,"CO2_concentration",361.851679359975,"ppmv CO2",6
"357","Unnamed Hector core",2000,"CO2_concentration",363.271769801465,"ppmv CO2",6
"358","Unnamed Hector core",2001,"CO2_concentration",364.769168935833,"ppmv CO2",6
"359","Unnamed Hector core",2002,"CO2_concentration",366.187980630985,"ppmv CO2",6
"360","Unnamed Hector core",2003,"CO2_concentration",367.710740467455,"ppmv CO2",6
"361","Unnamed Hector core",2004,"CO2_concentration",369.289080904949,"ppmv CO2",6
"362","Unnamed Hector core",2005,"CO2_concentration",371.086999805398,"ppmv CO2",6
"363","Unnamed Hector core",2006,"CO2_concentration",372.976872488533,"ppmv CO2",6
"364","Unnamed Hector core",2007,"CO2_concentration",374.983164057585,"ppmv CO2",6
"365","Unnamed Hector core",2008,"CO2_concentration",377.05113706783,"ppmv CO2",6
"366","Unnamed Hector core",2009,"CO2_concentration",378.982871079096,"ppmv CO2",6
"367","Unnamed Hector core",2010,"CO2_concentration",380.864406557833,"ppmv CO2",6
"368","Unnamed Hector core",2011,"CO2_concentration",382.965946166626,"ppmv CO2",6
"369","Unnamed Hector core",2012,"CO2_concentration",385.175926537925,"ppmv CO2",6
"370","Unnamed Hector core",2013,"CO2_concentration",387.434949326502,"ppmv CO2",6
"371","Unnamed Hector core",2014,"CO2_concentration",389.767899623982,"ppmv CO2",6
"372","Unnamed Hector core",2015,"CO2_concentration",392.174652453043,"ppmv CO2",6
"373","Unnamed Hector core",2016,"CO2_concentration",394.504464577663,"ppmv CO2",6
"374","Unnamed Hector core",2017,"CO2_concentration",396.856728959012,"ppmv CO2",6
"375","Unnamed Hector core",2018,"CO2_concentration",399.215660708309,"ppmv CO2",6
"376","Unnamed Hector core",2019,"CO2_concentration",401.59358927184,"ppmv CO2",6
"377","Unnamed Hector core",2020,"CO2_concentration",403.987355444863,"ppmv CO2",6
"378","Unnamed Hector core",2021,"CO2_concentration",406.396537557005,"ppmv CO2",6
"379","Unnamed Hector core",1959,"CO2_concentration",303.227097187449,"ppmv CO2",7
"380","Unnamed Hector core",1960,"CO2_concentration",303.865502246088,"ppmv CO2",7
"381","Unnamed Hector core",1961,"CO2_concentration",304.515926540118,"ppmv CO2",7
"382","Unnamed Hector core",1962,"CO2_concentration",305.138225744092,"ppmv CO2",7
"383","Unnamed Hector core",1963,"CO2_concentration",305.722596453015,"ppmv CO2",7
"384","Unnamed Hector core",1964,"CO2_concentration",306.101499721,"ppmv CO2",7
"385","Unnamed Hector core",1965,"CO2_concentration",306.504433249798,"ppmv CO2",7
"386","Unnamed Hector core",1966,"CO2_concentration",307.047024042029,"ppmv CO2",7
"387","Unnamed Hector core",1967,"CO2_concentration",307.773932750059,"ppmv CO2",7
"388","Unnamed Hector core",1968,"CO2_concentration",308.514336628038,"ppmv CO2",7
"389","Unnamed Hector core",1969,"CO2_concentration",309.314290716953,"ppmv CO2",7
"390","Unnamed Hector core",1970,"CO2_concentration",310.20615873988,"ppmv CO2",7
"391","Unnamed Hector core",1971,"CO2_concentration",311.162504348236,"ppmv CO2",7
"392","Unnamed Hector core",1972,"CO2_concentration",312.066632755173,"ppmv CO2",7
"393","Unnamed Hector core",1973,"CO2_concentration",312.99330002554,"ppmv CO2",7
"394","Unnamed Hector core",1974,"CO2_concentration",314.032295266835,"ppmv CO2",7
"395","Unnamed Hector core",1975,"CO2_concentration",314.995155534223,"ppmv CO2",7
"396","Unnamed Hector core",1976,"CO2_concentration",315.833449656951,"ppmv CO2",7
"397","Unnamed Hector core",1977,"CO2_concentration",316.82234973159,"ppmv CO2",7
"398","Unnamed Hector core",1978,"CO2_concentration",317.896503496921,"ppmv CO2",7
"399","Unnamed Hector core",1979,"CO2_concentration",319.0187906212,"ppmv CO2",7
"400","Unnamed Hector core",1980,"CO2_concentration",320.143662909929,"ppmv CO2",7
"401","Unnamed Hector core",1981,"CO2_concentration",321.177091317813,"ppmv CO2",7
"402","Unnamed Hector core",1982,"CO2_concentration",322.134611307135,"ppmv CO2",7
"403","Unnamed Hector core",1983,"CO2_concentration",322.962462321648,"ppmv CO2",7
"404","Unnamed Hector core",1984,"CO2_concentration",323.689928439825,"ppmv CO2",7
"405","Unnamed Hector core",1985,"CO2_concentration",324.581100442907,"ppmv CO2",7
"406","Unnamed Hector core",1986,"CO2_concentration",325.575033550965,"ppmv CO2",7
"407","Unnamed Hector core",1987,"CO2_concentration",326.629283255278,"ppmv CO2",7
"408","Unnamed Hector core",1988,"CO2_concentration",327.740877430116,"ppmv CO2",7
"409","Unnamed Hector core",1989,"CO2_concentration",328.932183605598,"ppmv CO2",7
"410","Unnamed Hector core",1990,"CO2_concentration",330.150168489167,"ppmv CO2",7
"411","Unnamed Hector core",1991,"CO2_concentration",331.284755269432,"ppmv CO2",7
"412","Unnamed Hector core",1992,"CO2_concentration",332.272161953073,"ppmv CO2",7
"413","Unnamed Hector core",1993,"CO2_concentration",332.810400332042,"ppmv CO2",7
"414","Unnamed Hector core",1994,"CO2_concentration",333.494787278827,"ppmv CO2",7
"415","Unnamed Hector core",1995,"CO2_concentration",334.438739817068,"ppmv CO2",7
"416","Unnamed Hector core",1996,"CO2_concentration",335.577344274719,"ppmv CO2",7
"417","Unnamed Hector core",1997,"CO2_concentration",336.825748899343,"ppmv CO2",7
"418","Unnamed Hector core",1998,"CO2_concentration",338.395882671711,"ppmv CO2",7
"419","Unnamed Hector core",1999,"CO2_concentration",339.650955495276,"ppmv CO2",7
"420","Unnamed Hector core",2000,"CO2_concentration",340.903244856505,"ppmv CO2",7
"421","Unnamed Hector core",2001,"CO2_concentration",342.250535833079,"ppmv CO2",7
"422","Unnamed Hector core",2002,"CO2_concentration",343.521053047065,"ppmv CO2",7
"423","Unnamed Hector core",2003,"CO2_concentration",344.881775413038,"ppmv CO2",7
"424","Unnamed Hector core",2004,"CO2_concentration",346.282980033712,"ppmv CO2",7
"425","Unnamed Hector core",2005,"CO2_concentration",347.901456343877,"ppmv CO2",7
"426","Unnamed Hector core",2006,"CO2_concentration",349.588932326289,"ppmv CO2",7
"427","Unnamed Hector core",2007,"CO2_concentration",351.367272477295,"ppmv CO2",7
"428","Unnamed Hector core",2008,"CO2_concentration",353.201522062187,"ppmv CO2",7
"429","Unnamed Hector core",2009,"CO2_concentration",354.899316799793,"ppmv CO2",7
"430","Unnamed Hector core",2010,"CO2_concentration",356.542760702751,"ppmv CO2",7
"431","Unnamed Hector core",2011,"CO2_concentration",358.407552664408,"ppmv CO2",7
"432","Unnamed Hector core",2012,"CO2_concentration",360.369441359888,"ppmv CO2",7
"433","Unnamed Hector core",2013,"CO2_concentration",362.368796818282,"ppmv CO2",7
"434","Unnamed Hector core",2014,"CO2_concentration",364.446000328281,"ppmv CO2",7
"435","Unnamed Hector core",2015,"CO2_concentration",366.570390028386,"ppmv CO2",7
"436","Unnamed Hector core",2016,"CO2_concentration",368.632806005618,"ppmv CO2",7
"437","Unnamed Hector core",2017,"CO2_concentration",370.71432567786,"ppmv CO2",7
"438","Unnamed Hector core",2018,"CO2_concentration",372.808419620387,"ppmv CO2",7
"439","Unnamed Hector core",2019,"CO2_concentration",374.900926167195,"ppmv CO2",7
"440","Unnamed Hector core",2020,"CO2_concentration",377.001281274686,"ppmv CO2",7
"441","Unnamed Hector core",2021,"CO2_concentration",379.112593662942,"ppmv CO2",7
"442","Unnamed Hector core",1959,"CO2_concentration",314.308444102917,"ppmv CO2",8
"443","Unnamed Hector core",1960,"CO2_concentration",315.12178886061,"ppmv CO2",8
"444","Unnamed Hector core",1961,"CO2_concentration",315.955543349112,"ppmv CO2",8
"445","Unnamed Hector core",1962,"CO2_concentration",316.793973355232,"ppmv CO2",8
"446","Unnamed Hector core",1963,"CO2_concentration",317.635969786553,"ppmv CO2",8
"447","Unnamed Hector core",1964,"CO2_concentration",318.461999041704,"ppmv CO2",8
"448","Unnamed Hector core",1965,"CO2_concentration",319.305161400805,"ppmv CO2",8
"449","Unnamed Hector core",1966,"CO2_concentration",320.224941192727,"ppmv CO2",8
"450","Unnamed Hector core",1967,"CO2_concentration",321.232171314197,"ppmv CO2",8
"451","Unnamed Hector core",1968,"CO2_concentration",322.285771071982,"ppmv CO2",8
"452","Unnamed Hector core",1969,"CO2_concentration",323.377466763398,"ppmv CO2",8
"453","Unnamed Hector core",1970,"CO2_concentration",324.539063557584,"ppmv CO2",8
"454","Unnamed Hector core",1971,"CO2_concentration",325.771589040687,"ppmv CO2",8
"455","Unnamed Hector core",1972,"CO2_concentration",326.976135742639,"ppmv CO2",8
"456","Unnamed Hector core",1973,"CO2_concentration",328.193672375682,"ppmv CO2",8
"457","Unnamed Hector core",1974,"CO2_concentration",329.498397039671,"ppmv CO2",8
"458","Unnamed Hector core",1975,"CO2_concentration",330.733130977153,"ppmv CO2",8
"459","Unnamed Hector core",1976,"CO2_concentration",331.905781887754,"ppmv CO2",8
"460","Unnamed Hector core",1977,"CO2_concentration",333.180748888137,"ppmv CO2",8
"461","Unnamed Hector core",1978,"CO2_concentration",334.51850348914,"ppmv CO2",8
"462","Unnamed Hector core",1979,"CO2_concentration",335.894874908399,"ppmv CO2",8
"463","Unnamed Hector core",1980,"CO2_concentration",337.274806828047,"ppmv CO2",8
"464","Unnamed Hector core",1981,"CO2_concentration",338.569813509426,"ppmv CO2",8
"465","Unnamed Hector core",1982,"CO2_concentration",339.783305560058,"ppmv CO2",8
"466","Unnamed Hector core",1983,"CO2_concentration",340.923583988254,"ppmv CO2",8
"467","Unnamed Hector core",1984,"CO2_concentration",342.074318302245,"ppmv CO2",8
"468","Unnamed Hector core",1985,"CO2_concentration",343.28747237266,"ppmv CO2",8
"469","Unnamed Hector core",1986,"CO2_concentration",344.546522776325,"ppmv CO2",8
"470","Unnamed Hector core",1987,"CO2_concentration",345.85020427225,"ppmv CO2",8
"471","Unnamed Hector core",1988,"CO2_concentration",347.192440695457,"ppmv CO2",8
"472","Unnamed Hector core",1989,"CO2_concentration",348.592462277762,"ppmv CO2",8
"473","Unnamed Hector core",1990,"CO2_concentration",350.002385090972,"ppmv CO2",8
"474","Unnamed Hector core",1991,"CO2_concentration",351.327718890432,"ppmv CO2",8
"475","Unnamed Hector core",1992,"CO2_concentration",352.665220009965,"ppmv CO2",8
"476","Unnamed Hector core",1993,"CO2_concentration",353.851513228664,"ppmv CO2",8
"477","Unnamed Hector core",1994,"CO2_concentration",354.991120066258,"ppmv CO2",8
"478","Unnamed Hector core",1995,"CO2_concentration",356.223844972888,"ppmv CO2",8
"479","Unnamed Hector core",1996,"CO2_concentration",357.558129105688,"ppmv CO2",8
"480","Unnamed Hector core",1997,"CO2_concentration",358.95319814414,"ppmv CO2",8
"481","Unnamed Hector core",1998,"CO2_concentration",360.681213297767,"ppmv CO2",8
"482","Unnamed Hector core",1999,"CO2_concentration",362.133311393698,"ppmv CO2",8
"483","Unnamed Hector core",2000,"CO2_concentration",363.530216741955,"ppmv CO2",8
"484","Unnamed Hector core",2001,"CO2_concentration",364.999366407551,"ppmv CO2",8
"485","Unnamed Hector core",2002,"CO2_concentration",366.387826537374,"ppmv CO2",8
"486","Unnamed Hector core",2003,"CO2_concentration",367.882379104532,"ppmv CO2",8
"487","Unnamed Hector core",2004,"CO2_concentration",369.435660434615,"ppmv CO2",8
"488","Unnamed Hector core",2005,"CO2_concentration",371.210354146512,"ppmv CO2",8
"489","Unnamed Hector core",2006,"CO2_concentration",373.078704307902,"ppmv CO2",8
"490","Unnamed Hector core",2007,"CO2_concentration",375.065785727526,"ppmv CO2",8
"491","Unnamed Hector core",2008,"CO2_concentration",377.114668790727,"ppmv CO2",8
"492","Unnamed Hector core",2009,"CO2_concentration",379.025485804658,"ppmv CO2",8
"493","Unnamed Hector core",2010,"CO2_concentration",380.883936320132,"ppmv CO2",8
"494","Unnamed Hector core",2011,"CO2_concentration",382.961825154844,"ppmv CO2",8
"495","Unnamed Hector core",2012,"CO2_concentration",385.149644267616,"ppmv CO2",8
"496","Unnamed Hector core",2013,"CO2_concentration",387.389098561986,"ppmv CO2",8
"497","Unnamed Hector core",2014,"CO2_concentration",389.701753843344,"ppmv CO2",8
"498","Unnamed Hector core",2015,"CO2_concentration",392.084633890123,"ppmv CO2",8
"499","Unnamed Hector core",2016,"CO2_concentration",394.383538623402,"ppmv CO2",8
"500","Unnamed Hector core",2017,"CO2_concentration",396.697996012608,"ppmv CO2",8
"501","Unnamed Hector core",2018,"CO2_concentration",399.012088348863,"ppmv CO2",8
"502","Unnamed Hector core",2019,"CO2_concentration",401.342610435539,"ppmv CO2",8
"503","Unnamed Hector core",2020,"CO2_concentration",403.683327676695,"ppmv CO2",8
"504","Unnamed Hector core",2021,"CO2_concentration",406.034623746999,"ppmv CO2",8
"505","Unnamed Hector core",1959,"CO2_concentration",309.87323144607,"ppmv CO2",9
"506","Unnamed Hector core",1960,"CO2_concentration",310.630821514067,"ppmv CO2",9
"507","Unnamed Hector core",1961,"CO2_concentration",311.406299163484,"ppmv CO2",9
"508","Unnamed Hector core",1962,"CO2_concentration",312.15919303483,"ppmv CO2",9
"509","Unnamed Hector core",1963,"CO2_concentration",312.88099063974,"ppmv CO2",9
"510","Unnamed Hector core",1964,"CO2_concentration",313.408218929662,"ppmv CO2",9
"511","Unnamed Hector core",1965,"CO2_concentration",313.967661607309,"ppmv CO2",9
"512","Unnamed Hector core",1966,"CO2_concentration",314.670419308016,"ppmv CO2",9
"513","Unnamed Hector core",1967,"CO2_concentration",315.558541310055,"ppmv CO2",9
"514","Unnamed Hector core",1968,"CO2_concentration",316.464036516504,"ppmv CO2",9
"515","Unnamed Hector core",1969,"CO2_concentration",317.433563926209,"ppmv CO2",9
"516","Unnamed Hector core",1970,"CO2_concentration",318.499602654261,"ppmv CO2",9
"517","Unnamed Hector core",1971,"CO2_concentration",319.636224305023,"ppmv CO2",9
"518","Unnamed Hector core",1972,"CO2_concentration",320.729475206491,"ppmv CO2",9
"519","Unnamed Hector core",1973,"CO2_concentration",321.851333747331,"ppmv CO2",9
"520","Unnamed Hector core",1974,"CO2_concentration",323.090862713468,"ppmv CO2",9
"521","Unnamed Hector core",1975,"CO2_concentration",324.26226606258,"ppmv CO2",9
"522","Unnamed Hector core",1976,"CO2_concentration",325.31669356157,"ppmv CO2",9
"523","Unnamed Hector core",1977,"CO2_concentration",326.524252644422,"ppmv CO2",9
"524","Unnamed Hector core",1978,"CO2_concentration",327.821998021653,"ppmv CO2",9
"525","Unnamed Hector core",1979,"CO2_concentration",329.173608238926,"ppmv CO2",9
"526","Unnamed Hector core",1980,"CO2_concentration",330.533997335877,"ppmv CO2",9
"527","Unnamed Hector core",1981,"CO2_concentration",331.809205878084,"ppmv CO2",9
"528","Unnamed Hector core",1982,"CO2_concentration",333.012179303031,"ppmv CO2",9
"529","Unnamed Hector core",1983,"CO2_concentration",334.089077899776,"ppmv CO2",9
"530","Unnamed Hector core",1984,"CO2_concentration",335.072303913818,"ppmv CO2",9
"531","Unnamed Hector core",1985,"CO2_concentration",336.21930639384,"ppmv CO2",9
"532","Unnamed Hector core",1986,"CO2_concentration",337.468261457308,"ppmv CO2",9
"533","Unnamed Hector core",1987,"CO2_concentration",338.777768409688,"ppmv CO2",9
"534","Unnamed Hector core",1988,"CO2_concentration",340.145271920172,"ppmv CO2",9
"535","Unnamed Hector core",1989,"CO2_concentration",341.594132864491,"ppmv CO2",9
"536","Unnamed Hector core",1990,"CO2_concentration",343.072858588379,"ppmv CO2",9
"537","Unnamed Hector core",1991,"CO2_concentration",344.471649264464,"ppmv CO2",9
"538","Unnamed Hector core",1992,"CO2_concentration",345.731673351748,"ppmv CO2",9
"539","Unnamed Hector core",1993,"CO2_concentration",346.563593083275,"ppmv CO2",9
"540","Unnamed Hector core",1994,"CO2_concentration",347.536153674717,"ppmv CO2",9
"541","Unnamed Hector core",1995,"CO2_concentration",348.760262706366,"ppmv CO2",9
"542","Unnamed Hector core",1996,"CO2_concentration",350.169174995324,"ppmv CO2",9
"543","Unnamed Hector core",1997,"CO2_concentration",351.68170154598,"ppmv CO2",9
"544","Unnamed Hector core",1998,"CO2_concentration",353.547573537578,"ppmv CO2",9
"545","Unnamed Hector core",1999,"CO2_concentration",355.143026793226,"ppmv CO2",9
"546","Unnamed Hector core",2000,"CO2_concentration",356.721409459784,"ppmv CO2",9
"547","Unnamed Hector core",2001,"CO2_concentration",358.387146504965,"ppmv CO2",9
"548","Unnamed Hector core",2002,"CO2_concentration",359.973746986034,"ppmv CO2",9
"549","Unnamed Hector core",2003,"CO2_concentration",361.64798777788,"ppmv CO2",9
"550","Unnamed Hector core",2004,"CO2_concentration",363.363952978348,"ppmv CO2",9
"551","Unnamed Hector core",2005,"CO2_concentration",365.299873644975,"ppmv CO2",9
"552","Unnamed Hector core",2006,"CO2_concentration",367.312780798519,"ppmv CO2",9
"553","Unnamed Hector core",2007,"CO2_concentration",369.425687811132,"ppmv CO2",9
"554","Unnamed Hector core",2008,"CO2_concentration",371.604255639799,"ppmv CO2",9
"555","Unnamed Hector core",2009,"CO2_concentration",373.655654114548,"ppmv CO2",9
"556","Unnamed Hector core",2010,"CO2_concentration",375.658072728927,"ppmv CO2",9
"557","Unnamed Hector core",2011,"CO2_concentration",377.884245763804,"ppmv CO2",9
"558","Unnamed Hector core",2012,"CO2_concentration",380.215527959541,"ppmv CO2",9
"559","Unnamed Hector core",2013,"CO2_concentration",382.593112260152,"ppmv CO2",9
"560","Unnamed Hector core",2014,"CO2_concentration",385.056397797125,"ppmv CO2",9
"561","Unnamed Hector core",2015,"CO2_concentration",387.585739213392,"ppmv CO2",9
"562","Unnamed Hector core",2016,"CO2_concentration",390.080642421369,"ppmv CO2",9
"563","Unnamed Hector core",2017,"CO2_concentration",392.603872865519,"ppmv CO2",9
"564","Unnamed Hector core",2018,"CO2_concentration",395.174940588822,"ppmv CO2",9
"565","Unnamed Hector core",2019,"CO2_concentration",397.795476074849,"ppmv CO2",9
"566","Unnamed Hector core",2020,"CO2_concentration",400.457953422788,"ppmv CO2",9
"567","Unnamed Hector core",2021,"CO2_concentration",403.157185421896,"ppmv CO2",9
"568","Unnamed Hector core",1959,"CO2_concentration",316.547733246595,"ppmv CO2",10
"569","Unnamed Hector core",1960,"CO2_concentration",317.394877165388,"ppmv CO2",10
"570","Unnamed Hector core",1961,"CO2_concentration",318.264076440426,"ppmv CO2",10
"571","Unnamed Hector core",1962,"CO2_concentration",319.13593916329,"ppmv CO2",10
"572","Unnamed Hector core",1963,"CO2_concentration",320.008907753143,"ppmv CO2",10
"573","Unnamed Hector core",1964,"CO2_concentration",320.849391366498,"ppmv CO2",10
"574","Unnamed Hector core",1965,"CO2_concentration",321.702385071333,"ppmv CO2",10
"575","Unnamed Hector core",1966,"CO2_concentration",322.635101727543,"ppmv CO2",10
"576","Unnamed Hector core",1967,"CO2_concentration",323.666007327825,"ppmv CO2",10
"577","Unnamed Hector core",1968,"CO2_concentration",324.747307302584,"ppmv CO2",10
"578","Unnamed Hector core",1969,"CO2_concentration",325.873267089995,"ppmv CO2",10
"579","Unnamed Hector core",1970,"CO2_concentration",327.076097582481,"ppmv CO2",10
"580","Unnamed Hector core",1971,"CO2_concentration",328.354277691782,"ppmv CO2",10
"581","Unnamed Hector core",1972,"CO2_concentration",329.607625585343,"ppmv CO2",10
"582","Unnamed Hector core",1973,"CO2_concentration",330.877755666239,"ppmv CO2",10
"583","Unnamed Hector core",1974,"CO2_concentration",332.241085690416,"ppmv CO2",10
"584","Unnamed Hector core",1975,"CO2_concentration",333.540094551623,"ppmv CO2",10
"585","Unnamed Hector core",1976,"CO2_concentration",334.776802608201,"ppmv CO2",10
"586","Unnamed Hector core",1977,"CO2_concentration",336.120740538593,"ppmv CO2",10
"587","Unnamed Hector core",1978,"CO2_concentration",337.533580327882,"ppmv CO2",10
"588","Unnamed Hector core",1979,"CO2_concentration",338.991347332583,"ppmv CO2",10
"589","Unnamed Hector core",1980,"CO2_concentration",340.458012452547,"ppmv CO2",10
"590","Unnamed Hector core",1981,"CO2_concentration",341.844227151163,"ppmv CO2",10
"591","Unnamed Hector core",1982,"CO2_concentration",343.153695908208,"ppmv CO2",10
"592","Unnamed Hector core",1983,"CO2_concentration",344.38779302094,"ppmv CO2",10
"593","Unnamed Hector core",1984,"CO2_concentration",345.623854746347,"ppmv CO2",10
"594","Unnamed Hector core",1985,"CO2_concentration",346.928163996153,"ppmv CO2",10
"595","Unnamed Hector core",1986,"CO2_concentration",348.285659936854,"ppmv CO2",10
"596","Unnamed Hector core",1987,"CO2_concentration",349.693956191995,"ppmv CO2",10
"597","Unnamed Hector core",1988,"CO2_concentration",351.14661216738,"ppmv CO2",10
"598","Unnamed Hector core",1989,"CO2_concentration",352.663470315193,"ppmv CO2",10
"599","Unnamed Hector core",1990,"CO2_concentration",354.19701420957,"ppmv CO2",10
"600","Unnamed Hector core",1991,"CO2_concentration",355.649619056169,"ppmv CO2",10
"601","Unnamed Hector core",1992,"CO2_concentration",357.101058908534,"ppmv CO2",10
"602","Unnamed Hector core",1993,"CO2_concentration",358.373731198416,"ppmv CO2",10
"603","Unnamed Hector core",1994,"CO2_concentration",359.602438186016,"ppmv CO2",10
"604","Unnamed Hector core",1995,"CO2_concentration",360.937643549973,"ppmv CO2",10
"605","Unnamed Hector core",1996,"CO2_concentration",362.389755719733,"ppmv CO2",10
"606","Unnamed Hector core",1997,"CO2_concentration",363.91709624734,"ppmv CO2",10
"607","Unnamed Hector core",1998,"CO2_concentration",365.810182922913,"ppmv CO2",10
"608","Unnamed Hector core",1999,"CO2_concentration",367.431064558465,"ppmv CO2",10
"609","Unnamed Hector core",2000,"CO2_concentration",369.004665988291,"ppmv CO2",10
"610","Unnamed Hector core",2001,"CO2_concentration",370.65640979895,"ppmv CO2",10
"611","Unnamed Hector core",2002,"CO2_concentration",372.231007481887,"ppmv CO2",10
"612","Unnamed Hector core",2003,"CO2_concentration",373.910044829566,"ppmv CO2",10
"613","Unnamed Hector core",2004,"CO2_concentration",375.646170543273,"ppmv CO2",10
"614","Unnamed Hector core",2005,"CO2_concentration",377.603823855575,"ppmv CO2",10
"615","Unnamed Hector core",2006,"CO2_concentration",379.655742331648,"ppmv CO2",10
"616","Unnamed Hector core",2007,"CO2_concentration",381.829305963359,"ppmv CO2",10
"617","Unnamed Hector core",2008,"CO2_concentration",384.071918102536,"ppmv CO2",10
"618","Unnamed Hector core",2009,"CO2_concentration",386.1853178241,"ppmv CO2",10
"619","Unnamed Hector core",2010,"CO2_concentration",388.25343822967,"ppmv CO2",10
"620","Unnamed Hector core",2011,"CO2_concentration",390.547007659314,"ppmv CO2",10
"621","Unnamed Hector core",2012,"CO2_concentration",392.958494573262,"ppmv CO2",10
"622","Unnamed Hector core",2013,"CO2_concentration",395.429337851894,"ppmv CO2",10
"623","Unnamed Hector core",2014,"CO2_concentration",397.983231300691,"ppmv CO2",10
"624","Unnamed Hector core",2015,"CO2_concentration",400.614486434995,"ppmv CO2",10
"625","Unnamed Hector core",2016,"CO2_concentration",403.174539281791,"ppmv CO2",10
"626","Unnamed Hector core",2017,"CO2_concentration",405.747363869858,"ppmv CO2",10
"627","Unnamed Hector core",2018,"CO2_concentration",408.34459477823,"ppmv CO2",10
"628","Unnamed Hector core",2019,"CO2_concentration",410.964138057203,"ppmv CO2",10
"629","Unnamed Hector core",2020,"CO2_concentration",413.604690439022,"ppmv CO2",10
"630","Unnamed Hector core",2021,"CO2_concentration",416.265499621028,"ppmv CO2",10
